{"cameraMode":{"drawMode":0,"name":"Shaded","section":"Shading Mode"},"sceneLighting":false,"audioPlay":false,"sceneViewState":{"m_AlwaysRefresh":false,"showFog":true,"showSkybox":false,"showFlares":true,"showImageEffects":true,"showParticleSystems":true,"showVisualEffectGraphs":true,"m_FxEnabled":true},"in2DMode":false,"pivot":{"x":83.76458740234375,"y":-20.269689559936525,"z":-62.105098724365237},"rotation":{"x":0.18844293057918549,"y":0.6893848776817322,"z":-0.19325166940689088,"w":0.6722323298454285},"size":27.455917358398439,"orthographic":false}