{"cameraMode":{"drawMode":0,"name":"Shaded","section":"Shading Mode"},"sceneLighting":false,"audioPlay":false,"sceneViewState":{"m_AlwaysRefresh":false,"showFog":true,"showSkybox":false,"showFlares":true,"showImageEffects":true,"showParticleSystems":true,"showVisualEffectGraphs":true,"m_FxEnabled":true},"in2DMode":false,"pivot":{"x":19.732511520385743,"y":89.55654907226563,"z":153.8627166748047},"rotation":{"x":-0.03226182237267494,"y":0.6325129866600037,"z":0.026386993005871774,"w":0.7734379172325134},"size":155.32557678222657,"orthographic":false}